firstName,lastName,dateOfBirth,socialSecuirtyNumber,address,userName,password
billybob,goat,7777,7777,7777,billybob,$2a$10$gtVKH3RqD0E0xMIKVEbAsOp/APOfnJzYd6Jovu9cBqB.BeDmuHAzS
frank,beans,90808,08080,0808,frank,$2a$10$Y2.TJHdb04IIrTSJPaZD7e5gyi.QV92WwoeaeaMO8.JVBYEkHTLmW
dude,dude,ljlj,jljljlj,ljjl,dude,$2a$10$Peb12h3TLlaiWEIL95vdxe5f01Z0ssmBQFToasToj2m.vPV8HtkqK
erik,helm,1234,5678,1234,erikhelm,$2a$10$VKxB.4cMN2cGECiFIUR6nOtM6hW7fvD62Wsr59PMz0aEcycNAKoWW
test,test,1234,5678,11,test,$2a$10$XjBAD2NRFavIBALijivBx.HmQngbh1bbLxFFDnbVNOJOQXAlIPwIO
test,test,1234,5678,1234,erik,$2a$10$myOBaseKmdKoFKzikScGX.DWMB1/zKT4u3C.c4mBy5o9sO0zRNxga
meagan,gould,77777,879797,9797979,meagan,$2a$10$V69NtablpJsb1f4krt0k7OKQMiobt0Vo/QIeeg/8.BEMIEsA9cP1q
bob,jones,7575757,84884,8484848,bob,$2a$10$I7w89Zy8JhxfLT9NWYr/tef58tidDWMztCFEYLLtkpiccjEPlqYbq
mew,gould,89797,79797,979797,mew,$2a$10$C8.2n8Bq9sOTHbb6LnsKu.0dbFFlqdkl79Va.P8sIgS3dju/iokt2
mew,gould,08080,08080,00808,mew2,$2a$10$QO5GXyDjd6K1y8DJOxu10.ahNJGb6QAUMhAUPmt6ngYdFw4zvZfge
hailey,gould,97979,79797,9797,hailey,$2a$10$8X96Qt0y48ggC8CFfDI5r.qFOS/LGH/jUCAv9xgTXgp0HrXKbG96C
hailey,gould,08080,0808,0808,hailey2,$2a$10$ZhXjd.UHlPDQGWROD4oFEuC7PqpBeObpPygwX84768/TSY2gQ/Oca
frank,beans,0808,08080,0808,frank2,$2a$10$oR1kAB9esP2L2Qt3KTAl/Os7xrLPs.F277tQ26lLQ5KL7Lu.AXmrK
frank,beans,ljljl,ljlj,4343,frank3,$2a$10$d6o2b2KGhaN1lQH.yDJfBuofO4PUN4y8XzmkDlosLfoGjJK1LCQOC
